scenario_id,active_pcs,traffic_type,traffic_intensity,avg_delay,packet_loss,throughput,label,distance_m,velocity_mps,doppler_shift_hz,path_loss_db,fading_depth_db,interference_dbm,freq_variation_hz,fading_rate,rssi_dbm,snr_db,ber,channel_variation,handovers,modulation,access_technology
S1,14,ICMP,Very High,3.106,0.46,Very Low,Abnormal,420.7,0.04,1.03,92.53,15.11,-61.88,2.33,0.418,-97.83,2.52,8.38e-02,0.236,5,BPSK,OFDMA
S2,11,HTTP,High,1.863,0.25,Low,Abnormal,301.7,1.05,5.59,89.64,7.48,-66.99,11.0,0.326,-87.64,13.69,1.00e-08,0.167,5,BPSK,OFDMA
S3,15,ICMP,High,3.826,0.32,Very Low,Abnormal,302.5,0.57,0.65,89.66,10.65,-55.36,2.33,0.384,-86.68,12.75,1.00e-08,0.249,6,BPSK,OFDMA
S4,14,HTTP (Continuous),Very High,3.292,0.44,Low,Abnormal,278.1,1.06,12.46,88.93,13.11,-58.36,10.28,0.387,-89.36,11.36,5.70e-07,0.255,6,BPSK,OFDMA
S5,4,Ping,Low,0.21,0.01,Medium,Normal,142.6,2.18,-10.8,83.13,1.9,-86.64,10.27,0.152,-75.22,24.35,1.00e-08,0.109,1,QPSK,FDMA
S6,1,Ping,Low,0.15,0.0,High,Normal,94.8,2.61,-9.14,79.58,2.03,-91.99,9.61,0.127,-64.49,38.99,1.00e-08,0.12,2,16-QAM,TDMA
S7,8,Ping (intermittent),Medium,1.465,0.11,Medium,Abnormal,125.5,0.75,-6.65,82.02,4.32,-72.89,9.43,0.241,-73.54,25.23,1.00e-08,0.174,4,16-QAM,CDMA
S8,4,Ping,Low,0.48,0.02,Medium,Normal,161.1,0.73,4.35,84.19,3.58,-83.21,9.59,0.154,-71.58,28.99,1.00e-08,0.138,2,16-QAM,FDMA
S9,7,ICMP + HTTP (alternating),Medium,1.562,0.13,Medium,Abnormal,216.5,1.29,9.48,86.76,3.76,-79.03,12.12,0.189,-86.24,10.2,1.42e-05,0.172,4,BPSK,CDMA
S10,10,HTTP,High,2.717,0.13,Medium,Abnormal,216.6,1.14,1.91,86.76,6.35,-68.26,8.23,0.229,-82.33,19.05,1.00e-08,0.178,3,QPSK,CDMA
S11,2,HTTP (bursty),Low,0.04,0.01,High,Normal,87.9,1.72,7.24,78.93,4.45,-89.48,7.75,0.163,-67.17,34.97,1.00e-08,0.119,1,16-QAM,TDMA
S12,5,ICMP,Low,0.44,0.0,Medium,Normal,115.4,1.69,0.2,81.29,1.81,-78.46,4.1,0.121,-73.93,25.48,1.00e-08,0.066,2,16-QAM,FDMA
S13,13,Ping,Very High,3.119,0.33,Very Low,Abnormal,367.8,1.01,5.78,91.36,9.6,-62.49,5.19,0.353,-94.05,8.3,5.79e-04,0.187,4,BPSK,OFDMA
S14,4,HTTP,Low,0.36,0.01,Medium,Normal,208.7,2.65,20.89,86.44,2.36,-82.03,17.12,0.119,-74.64,24.59,1.00e-08,0.092,3,QPSK,FDMA
S15,4,HTTP (bursty),Medium,0.13,0.0,Medium,Normal,196.9,0.98,4.62,85.93,2.44,-88.16,8.95,0.198,-76.35,24.89,1.00e-08,0.077,0,QPSK,FDMA
S16,13,Ping (intermittent),High,2.77,0.49,Very Low,Abnormal,334.7,0.29,2.14,90.54,13.54,-61.74,4.25,0.486,-98.95,2.09,9.91e-02,0.25,4,BPSK,OFDMA
S17,7,Ping,Medium,1.451,0.08,Medium,Abnormal,216.3,1.39,-8.15,86.75,5.0,-77.04,7.12,0.186,-87.68,12.07,5.00e-08,0.118,5,BPSK,CDMA
S18,10,Ping Storm,High,1.672,0.25,Medium,Abnormal,183.6,1.1,-1.61,85.32,7.64,-71.96,3.46,0.272,-75.26,25.62,1.00e-08,0.175,3,16-QAM,CDMA
S19,15,HTTP (Continuous),High,2.68,0.4,Very Low,Abnormal,408.5,0.75,-1.17,92.27,14.13,-56.38,5.98,0.408,-92.63,9.67,4.72e-05,0.23,4,BPSK,OFDMA
S20,10,Ping,High,2.302,0.23,Low,Abnormal,285.3,0.63,3.0,89.15,5.44,-70.67,4.53,0.31,-91.81,9.69,4.52e-05,0.166,5,BPSK,CDMA
S21,2,Ping,Low,0.11,0.01,High,Normal,114.3,2.84,19.92,81.21,1.36,-87.99,18.49,0.119,-66.89,32.78,1.00e-08,0.074,2,16-QAM,TDMA
S22,2,HTTP,Low,0.06,0.0,High,Normal,52.6,2.58,-11.4,74.47,-0.26,-93.81,13.56,0.101,-56.24,42.61,1.00e-08,0.103,1,16-QAM,TDMA
S23,2,HTTP (bursty),Low,0.15,0.01,High,Normal,61.2,2.72,-13.65,75.78,2.92,-89.55,15.37,0.191,-56.92,41.94,1.00e-08,0.127,0,16-QAM,TDMA
S24,7,ICMP,Medium,1.575,0.06,Medium,Abnormal,111.1,0.64,3.23,80.96,5.22,-77.42,7.72,0.162,-75.7,22.4,1.00e-08,0.075,2,QPSK,CDMA
S25,15,ICMP,High,2.553,0.28,Very Low,Abnormal,487.9,1.04,10.23,93.81,9.22,-59.51,8.45,0.304,-103.57,0,1.84e-01,0.191,5,BPSK,OFDMA
S26,7,ICMP + HTTP (alternating),Medium,0.781,0.12,Medium,Abnormal,180.0,0.53,-0.94,85.15,6.91,-81.32,6.9,0.265,-86.03,14.86,1.00e-08,0.112,5,BPSK,CDMA
S27,8,Ping (intermittent),Medium,1.595,0.09,Medium,Abnormal,103.0,1.1,9.33,80.3,3.49,-72.6,9.4,0.233,-75.6,26.46,1.00e-08,0.104,6,16-QAM,CDMA
S28,4,HTTP (bursty),Medium,0.45,0.01,Medium,Normal,142.0,2.55,-23.03,83.09,2.5,-82.1,19.91,0.134,-67.69,33.4,1.00e-08,0.082,3,16-QAM,FDMA
S29,7,Ping (intermittent),Medium,1.452,0.1,Medium,Abnormal,181.5,1.27,11.19,85.22,4.85,-77.69,15.72,0.164,-80.53,17.98,1.00e-08,0.125,2,QPSK,CDMA
S30,11,HTTP (Continuous),High,1.935,0.27,Low,Abnormal,245.5,0.86,9.14,87.85,8.74,-67.61,13.88,0.316,-90.68,6.9,3.73e-03,0.187,3,BPSK,OFDMA
S31,1,HTTP (bursty),Low,0.04,0.0,High,Normal,115.9,2.8,-9.25,81.33,1.56,-90.57,12.14,0.133,-71.39,27.99,1.00e-08,0.065,3,16-QAM,TDMA
S32,13,ICMP,Very High,4.054,0.26,Very Low,Abnormal,429.0,1.35,-7.44,92.7,8.1,-60.11,6.21,0.285,-101.65,0,1.84e-01,0.191,7,BPSK,OFDMA
S33,8,ICMP,Medium,1.574,0.09,Medium,Abnormal,181.1,0.77,-0.17,85.2,3.84,-75.89,5.77,0.216,-81.97,19.08,1.00e-08,0.111,4,QPSK,CDMA
S34,15,ICMP,Very High,3.964,0.37,Low,Abnormal,205.1,0.07,-1.21,86.29,9.94,-59.7,5.03,0.411,-88.67,10.24,1.29e-05,0.23,5,BPSK,OFDMA
S35,3,HTTP (bursty),Low,0.13,0.0,High,Normal,92.5,0.51,-2.71,79.37,1.53,-88.61,9.6,0.152,-65.02,36.06,1.00e-08,0.118,3,16-QAM,TDMA
S36,2,HTTP,Low,0.02,0.0,High,Normal,50.7,1.66,-0.59,74.15,1.19,-90.63,6.7,0.144,-54.21,42.89,1.00e-08,0.084,3,16-QAM,TDMA
S37,7,HTTP (Continuous),Medium,1.507,0.08,Medium,Abnormal,207.7,1.12,0.58,86.39,4.75,-79.71,5.06,0.211,-87.52,13.57,1.00e-08,0.104,4,BPSK,CDMA
S38,13,ICMP,High,3.177,0.37,Low,Abnormal,331.8,0.12,2.01,90.46,10.82,-61.73,3.9,0.363,-90.47,11.0,1.70e-06,0.265,7,BPSK,OFDMA
S39,13,ICMP + HTTP (alternating),Very High,2.5,0.35,Very Low,Abnormal,479.1,0.88,-0.88,93.65,9.42,-62.66,4.08,0.385,-101.32,0.18,1.76e-01,0.25,5,BPSK,OFDMA
S40,7,ICMP + HTTP (alternating),Medium,1.471,0.06,Medium,Abnormal,158.6,0.41,-0.75,84.05,2.36,-75.59,7.11,0.208,-82.26,14.9,1.00e-08,0.117,5,BPSK,CDMA
S41,11,Ping,High,1.922,0.18,Medium,Abnormal,171.0,0.99,2.22,84.71,7.37,-66.85,4.85,0.253,-79.12,21.76,1.00e-08,0.198,6,QPSK,OFDMA
S42,7,ICMP,Medium,1.308,0.08,Medium,Abnormal,130.3,0.12,-0.7,82.34,-0.18,-79.61,3.94,0.213,-80.01,17.85,1.00e-08,0.158,3,QPSK,CDMA
S43,9,Ping (intermittent),High,1.595,0.23,Low,Abnormal,322.7,0.93,3.99,90.22,7.83,-70.38,5.59,0.275,-94.39,7.94,9.92e-04,0.204,4,BPSK,CDMA
S44,6,ICMP,Medium,1.148,0.11,Medium,Abnormal,215.8,0.16,0.2,86.73,4.18,-77.22,7.85,0.206,-88.21,11.21,9.10e-07,0.144,2,BPSK,FDMA
S45,10,HTTP (Continuous),High,2.19,0.16,Medium,Abnormal,183.7,0.45,-0.14,85.33,4.32,-70.53,4.83,0.262,-80.26,19.6,1.00e-08,0.148,6,QPSK,CDMA
S46,1,ICMP,Low,0.16,0.01,High,Normal,48.4,2.9,-9.97,73.74,2.99,-95.26,11.03,0.179,-53.69,46.05,1.00e-08,0.119,3,16-QAM,TDMA
S47,3,HTTP,Low,0.11,0.02,High,Normal,77.2,2.56,-6.85,77.8,3.17,-86.02,8.95,0.187,-64.08,33.9,1.00e-08,0.085,3,16-QAM,TDMA
S48,10,Mixed (Ping+HTTP),High,2.314,0.21,Medium,Abnormal,202.1,0.27,-0.2,86.16,7.52,-71.74,7.3,0.296,-89.34,10.87,2.47e-06,0.141,6,BPSK,CDMA
S49,4,HTTP,Low,0.45,0.0,Medium,Normal,158.6,2.4,-12.94,84.05,1.08,-84.76,11.61,0.169,-75.33,23.99,1.00e-08,0.088,2,QPSK,FDMA
S50,3,Mixed (Ping+HTTP),Low,0.2,0.0,High,Normal,74.0,2.36,13.29,77.43,1.77,-89.02,12.06,0.112,-61.93,38.78,1.00e-08,0.093,1,16-QAM,TDMA
S51,12,HTTP,Very High,2.887,0.36,Very Low,Abnormal,322.1,1.11,1.45,90.21,10.1,-69.61,7.84,0.346,-95.88,3.36,5.72e-02,0.204,4,BPSK,OFDMA
S52,8,Ping Storm,Medium,0.829,0.13,Medium,Abnormal,216.9,0.83,0.6,86.77,6.66,-72.13,4.86,0.265,-88.8,10.44,7.82e-06,0.117,3,BPSK,CDMA
S53,12,Ping,High,2.54,0.4,Very Low,Abnormal,335.5,1.29,12.86,90.56,12.46,-67.7,11.06,0.421,-99.11,1.86,1.08e-01,0.255,7,BPSK,OFDMA
S54,15,HTTP (Continuous),Very High,2.932,0.32,Very Low,Abnormal,413.4,1.19,8.38,92.37,8.92,-57.81,9.97,0.378,-94.65,5.27,1.73e-02,0.227,4,BPSK,OFDMA
S55,13,Mixed (Ping+HTTP),High,3.864,0.43,Low,Abnormal,341.1,0.31,1.02,90.7,12.26,-62.14,1.73,0.403,-92.99,6.73,4.50e-03,0.279,7,BPSK,OFDMA
S56,3,HTTP,Medium,0.39,0.0,High,Normal,45.7,1.08,7.93,73.24,2.34,-90.08,12.18,0.12,-53.54,47.17,1.00e-08,0.062,2,16-QAM,TDMA
S57,11,ICMP,High,1.979,0.25,Low,Abnormal,320.5,0.11,-1.0,90.16,9.8,-69.0,2.57,0.319,-95.09,6.56,5.40e-03,0.19,3,BPSK,OFDMA
S58,10,ICMP + HTTP (alternating),High,2.758,0.15,Low,Abnormal,281.7,1.33,-8.4,89.04,5.57,-70.28,8.48,0.257,-83.42,15.05,1.00e-08,0.171,5,QPSK,CDMA
S59,8,HTTP (Continuous),Medium,0.745,0.07,Medium,Abnormal,169.1,1.14,4.55,84.61,3.62,-76.2,7.24,0.223,-76.7,21.79,1.00e-08,0.104,3,QPSK,CDMA
S60,4,Ping,Low,0.13,0.0,Medium,Normal,202.9,1.32,-5.46,86.19,1.43,-80.32,10.52,0.155,-80.3,20.07,1.00e-08,0.076,3,QPSK,FDMA
S61,12,HTTP (Continuous),High,3.208,0.34,Low,Abnormal,327.0,1.24,12.2,90.34,9.69,-62.72,13.9,0.354,-90.82,10.3,1.11e-05,0.196,6,BPSK,OFDMA
S62,12,Mixed (Ping+HTTP),High,2.644,0.46,Very Low,Abnormal,376.4,1.05,8.55,91.56,14.85,-65.46,8.66,0.392,-94.64,4.76,2.51e-02,0.313,4,BPSK,OFDMA
S63,3,Ping,Medium,0.33,0.02,High,Normal,76.9,0.79,-10.23,77.76,2.52,-89.1,14.0,0.21,-63.19,36.88,1.00e-08,0.089,1,16-QAM,TDMA
S64,15,Mixed (light Ping + HTTP),High,3.678,0.36,Very Low,Abnormal,470.1,0.41,1.2,93.49,8.99,-55.12,5.39,0.398,-99.37,1.87,1.07e-01,0.274,7,BPSK,OFDMA
S65,1,HTTP,Low,0.05,0.0,High,Normal,109.2,1.62,-1.88,80.81,3.47,-95.83,8.4,0.198,-63.52,36.58,1.00e-08,0.118,3,16-QAM,TDMA
S66,6,HTTP (bursty),Medium,1.418,0.12,Medium,Abnormal,105.2,1.12,-2.44,80.49,5.37,-81.83,7.35,0.254,-67.67,32.12,1.00e-08,0.138,4,16-QAM,FDMA
S67,1,HTTP (bursty),Low,0.09,0.0,High,Normal,109.6,2.69,0.74,80.84,1.82,-92.85,6.1,0.115,-71.47,24.65,1.00e-08,0.077,3,QPSK,TDMA
S68,3,Ping,Medium,0.31,0.01,High,Normal,92.0,2.63,-17.31,79.32,2.87,-89.01,15.33,0.178,-65.42,31.54,1.00e-08,0.057,0,16-QAM,TDMA
S69,9,HTTP (bursty),High,2.042,0.23,Low,Abnormal,219.9,1.03,5.29,86.89,8.18,-69.15,9.63,0.248,-84.21,15.68,1.00e-08,0.168,3,QPSK,CDMA
S70,1,HTTP (bursty),Low,0.14,0.0,High,Normal,63.5,1.44,11.03,76.1,0.73,-93.0,14.27,0.117,-54.81,46.63,1.00e-08,0.1,1,16-QAM,TDMA
S71,10,Ping Storm,High,2.701,0.17,Low,Abnormal,264.6,0.87,3.03,88.5,5.4,-72.14,6.38,0.231,-95.32,7.91,1.04e-03,0.197,5,BPSK,CDMA
S72,14,ICMP,High,2.584,0.43,Very Low,Abnormal,420.6,0.64,6.86,92.52,13.13,-61.1,8.49,0.406,-96.74,5.21,1.81e-02,0.301,6,BPSK,OFDMA
S73,11,ICMP,High,2.505,0.25,Medium,Abnormal,102.6,1.25,9.21,80.27,8.35,-66.55,13.82,0.325,-85.89,16.24,1.00e-08,0.168,5,QPSK,OFDMA
S74,8,Ping,Medium,1.083,0.12,Medium,Abnormal,126.3,0.29,-1.33,82.07,5.06,-78.41,6.7,0.186,-70.5,30.71,1.00e-08,0.161,3,16-QAM,CDMA
S75,14,ICMP,Very High,4.069,0.47,Low,Abnormal,278.5,1.1,7.06,88.94,15.34,-59.52,9.72,0.479,-88.97,13.45,1.00e-08,0.259,7,BPSK,OFDMA
S76,12,HTTP,Very High,4.095,0.41,Very Low,Abnormal,492.8,0.44,-6.16,93.9,12.63,-67.12,5.84,0.421,-99.67,2.56,8.24e-02,0.246,6,BPSK,OFDMA
S77,2,ICMP,Low,0.16,0.0,High,Normal,47.2,1.49,10.09,73.52,2.67,-90.01,10.73,0.164,-57.97,40.48,1.00e-08,0.088,2,16-QAM,TDMA
S78,5,ICMP,Medium,0.28,0.0,Medium,Normal,209.8,1.05,11.48,86.48,2.98,-86.42,11.15,0.141,-73.68,29.11,1.00e-08,0.074,3,16-QAM,FDMA
S79,6,Ping (intermittent),Medium,0.923,0.11,Medium,Abnormal,113.9,0.35,-2.54,81.18,5.37,-77.07,6.56,0.225,-80.01,21.64,1.00e-08,0.161,5,QPSK,FDMA
S80,4,ICMP,Low,0.53,0.0,Medium,Normal,212.7,1.2,-8.29,86.6,2.22,-82.88,8.46,0.136,-75.67,24.16,1.00e-08,0.122,2,QPSK,FDMA
S81,2,HTTP,Low,0.1,0.0,High,Normal,44.8,1.19,-4.16,73.07,1.41,-88.84,8.39,0.197,-53.71,47.57,1.00e-08,0.129,1,16-QAM,TDMA
S82,14,Mixed (light Ping + HTTP),High,3.621,0.27,Very Low,Abnormal,295.1,1.15,8.16,89.45,9.18,-56.05,9.01,0.277,-94.04,5.89,1.03e-02,0.17,5,BPSK,OFDMA
S83,9,HTTP (bursty),High,2.142,0.19,Medium,Abnormal,164.8,1.2,10.1,84.39,6.35,-74.72,12.19,0.216,-75.92,25.18,1.00e-08,0.135,3,16-QAM,CDMA
S84,7,Mixed (light Ping + HTTP),Medium,1.571,0.09,Medium,Abnormal,157.1,1.17,1.85,83.97,5.17,-76.0,8.91,0.158,-80.36,16.69,1.00e-08,0.123,2,QPSK,CDMA
S85,6,Ping,Medium,0.717,0.1,Medium,Abnormal,107.3,0.72,0.39,80.66,3.43,-79.34,1.84,0.221,-72.34,27.33,1.00e-08,0.134,4,16-QAM,FDMA
S86,14,Ping (intermittent),High,2.784,0.29,Low,Abnormal,244.8,0.9,8.52,87.82,8.19,-60.07,12.52,0.285,-92.08,5.38,1.59e-02,0.235,7,BPSK,OFDMA
S87,4,HTTP (bursty),Low,0.22,0.0,Medium,Normal,154.2,1.07,1.17,83.81,2.3,-83.26,6.47,0.137,-71.85,30.1,1.00e-08,0.055,0,16-QAM,FDMA
S88,6,Ping (intermittent),Medium,1.334,0.08,Medium,Abnormal,111.2,0.14,4.8,80.97,4.48,-82.36,8.47,0.204,-75.58,25.09,1.00e-08,0.135,5,16-QAM,FDMA
S89,8,HTTP (bursty),Medium,1.073,0.08,Medium,Abnormal,204.2,1.08,-10.85,86.25,3.45,-76.22,13.19,0.17,-82.85,17.96,1.00e-08,0.143,4,QPSK,CDMA
S90,5,HTTP,Medium,0.22,0.01,Medium,Normal,196.9,2.61,-23.18,85.93,2.82,-85.01,21.72,0.109,-72.25,26.53,1.00e-08,0.075,1,16-QAM,FDMA
S91,12,Mixed (Ping+HTTP),High,2.915,0.29,Low,Abnormal,226.5,1.14,-9.97,87.15,9.76,-63.18,8.47,0.348,-87.78,13.77,1.00e-08,0.196,7,BPSK,OFDMA
S92,10,ICMP,High,2.471,0.26,Medium,Abnormal,140.9,0.56,-0.86,83.02,8.72,-72.55,2.2,0.261,-79.04,22.7,1.00e-08,0.176,6,QPSK,CDMA
S93,1,Ping,Low,0.17,0.01,High,Normal,78.9,1.61,8.47,77.99,1.76,-93.98,11.68,0.155,-62.4,37.37,1.00e-08,0.086,0,16-QAM,TDMA
S94,15,ICMP,Very High,2.577,0.3,Very Low,Abnormal,281.7,0.45,2.04,89.04,10.0,-56.33,4.72,0.281,-89.25,9.82,3.41e-05,0.226,6,BPSK,OFDMA
S95,4,HTTP (bursty),Medium,0.37,0.01,Medium,Normal,108.6,2.65,27.73,80.76,2.51,-83.3,24.42,0.177,-71.29,28.06,1.00e-08,0.056,2,16-QAM,FDMA
S96,10,Mixed (light Ping + HTTP),High,2.353,0.17,Low,Abnormal,209.2,1.42,2.15,86.46,5.9,-71.76,5.56,0.213,-84.76,15.84,1.00e-08,0.188,5,QPSK,CDMA
S97,6,ICMP,Medium,0.797,0.11,Medium,Abnormal,126.6,1.17,6.62,82.09,3.84,-78.81,8.09,0.262,-74.57,25.85,1.00e-08,0.114,3,16-QAM,FDMA
S98,12,HTTP (Continuous),High,2.573,0.43,Low,Abnormal,282.4,1.14,-3.16,89.06,13.51,-61.91,6.67,0.433,-93.94,4.43,3.12e-02,0.267,6,BPSK,OFDMA
S99,7,HTTP,Medium,0.763,0.1,Medium,Abnormal,203.7,0.94,9.64,86.23,4.95,-78.02,8.14,0.211,-81.38,18.13,1.00e-08,0.157,2,QPSK,CDMA
S100,12,HTTP (bursty),Very High,2.794,0.28,Very Low,Abnormal,421.8,1.47,11.6,92.55,8.18,-66.1,13.18,0.363,-100.17,0,1.84e-01,0.208,5,BPSK,OFDMA
S101,11,HTTP,High,2.015,0.28,Low,Abnormal,234.7,0.71,6.35,87.46,9.18,-66.02,10.45,0.318,-86.2,13.82,1.00e-08,0.197,4,BPSK,OFDMA
S102,9,HTTP (bursty),High,1.788,0.24,Medium,Abnormal,143.7,1.38,7.04,83.2,8.23,-75.48,6.29,0.307,-81.94,19.22,1.00e-08,0.177,5,QPSK,CDMA
S103,10,HTTP (Continuous),High,1.551,0.25,Medium,Abnormal,186.8,0.98,-5.61,85.47,7.61,-70.96,7.38,0.347,-86.65,11.78,1.40e-07,0.225,5,BPSK,CDMA
S104,12,ICMP,Very High,3.041,0.43,Low,Abnormal,275.0,0.97,6.51,88.83,13.83,-62.76,12.19,0.458,-90.32,9.33,9.48e-05,0.263,4,BPSK,OFDMA
S105,2,Ping,Low,0.11,0.0,High,Normal,69.0,0.95,9.22,76.82,1.63,-89.84,7.99,0.184,-59.79,42.28,1.00e-08,0.117,0,16-QAM,TDMA
S106,14,HTTP (bursty),High,3.27,0.33,Very Low,Abnormal,425.6,1.31,-0.74,92.63,9.78,-60.66,2.78,0.367,-103.14,0,1.84e-01,0.185,6,BPSK,OFDMA
S107,2,Ping,Low,0.17,0.0,High,Normal,94.1,1.09,0.44,79.52,3.62,-92.35,3.47,0.181,-64.95,32.26,1.00e-08,0.079,3,16-QAM,TDMA
S108,1,HTTP (bursty),Low,0.11,0.0,High,Normal,76.9,1.2,4.58,77.76,-0.56,-93.39,9.92,0.18,-61.59,39.28,1.00e-08,0.101,2,16-QAM,TDMA
S109,13,Mixed (Ping+HTTP),Very High,3.731,0.41,Low,Abnormal,274.3,0.15,0.4,88.81,11.59,-62.37,7.62,0.361,-91.71,9.29,1.03e-04,0.25,6,BPSK,OFDMA
S110,6,HTTP (Continuous),Medium,1.298,0.08,Medium,Abnormal,211.7,0.62,0.88,86.56,3.31,-78.59,2.19,0.17,-88.45,12.17,3.00e-08,0.109,3,BPSK,FDMA
S111,4,ICMP,Medium,0.24,0.0,Medium,Normal,116.5,1.22,-8.94,81.37,1.48,-85.6,7.29,0.108,-72.51,27.38,1.00e-08,0.094,3,16-QAM,FDMA
S112,11,HTTP,High,2.797,0.27,Medium,Abnormal,113.3,0.43,7.7,81.13,9.75,-66.88,11.95,0.308,-72.32,29.77,1.00e-08,0.159,4,16-QAM,OFDMA
S113,10,HTTP,High,2.6,0.17,Low,Abnormal,302.2,0.44,1.17,89.65,7.29,-68.86,5.48,0.238,-91.32,6.14,8.19e-03,0.159,3,BPSK,CDMA
S114,7,ICMP,Medium,1.342,0.13,Medium,Abnormal,146.9,0.71,-3.79,83.39,6.01,-77.68,3.77,0.257,-84.28,17.74,1.00e-08,0.164,4,QPSK,CDMA
S115,15,Mixed (Ping+HTTP),Very High,3.325,0.48,Low,Abnormal,202.7,0.53,-1.47,86.18,12.53,-59.74,5.38,0.406,-89.74,9.5,6.73e-05,0.245,5,BPSK,OFDMA
S116,12,Ping Storm,High,3.923,0.25,Very Low,Abnormal,289.6,0.3,-4.65,89.28,9.35,-65.98,11.18,0.304,-88.03,14.48,1.00e-08,0.179,4,BPSK,OFDMA
S117,4,HTTP (bursty),Medium,0.47,0.02,Medium,Normal,203.9,1.33,5.58,86.23,4.05,-85.18,7.61,0.209,-84.23,14.01,1.00e-08,0.132,2,BPSK,FDMA
S118,2,Mixed (Ping+HTTP),Low,0.05,0.01,High,Normal,104.1,2.32,18.08,80.4,0.76,-92.23,17.47,0.138,-63.79,37.27,1.00e-08,0.079,3,16-QAM,TDMA
S119,11,Ping (intermittent),High,2.482,0.26,Medium,Abnormal,120.0,0.67,-0.07,81.63,6.32,-69.1,5.53,0.335,-75.45,23.82,1.00e-08,0.195,4,QPSK,OFDMA
S120,7,Ping,Medium,1.335,0.07,Medium,Abnormal,214.3,0.21,-3.25,86.67,3.8,-78.02,3.75,0.22,-88.7,12.4,1.00e-08,0.126,5,BPSK,CDMA
S121,15,ICMP + HTTP (alternating),High,2.521,0.27,Very Low,Abnormal,488.7,0.56,-6.59,93.83,8.2,-59.82,7.36,0.273,-98.19,0.33,1.70e-01,0.203,6,BPSK,OFDMA
S122,4,Ping,Low,0.45,0.0,Medium,Normal,193.0,2.26,14.14,85.76,0.83,-86.99,17.89,0.12,-76.27,24.17,1.00e-08,0.064,3,QPSK,FDMA
S123,1,Mixed (Ping+HTTP),Low,0.13,0.01,High,Normal,119.8,2.53,-15.7,81.62,2.12,-93.14,14.02,0.136,-73.46,27.83,1.00e-08,0.11,1,16-QAM,TDMA
S124,3,Ping,Medium,0.26,0.01,High,Normal,103.5,1.77,17.09,80.34,2.42,-86.46,18.5,0.109,-70.28,29.24,1.00e-08,0.118,1,16-QAM,TDMA
S125,10,HTTP (Continuous),High,1.984,0.19,Low,Abnormal,284.0,0.13,5.37,89.11,6.75,-73.38,10.52,0.221,-95.49,3.48,5.38e-02,0.18,5,BPSK,CDMA
S126,2,HTTP,Low,0.15,0.01,High,Normal,50.3,2.57,-5.86,74.08,0.79,-91.79,6.01,0.156,-52.77,45.15,1.00e-08,0.095,2,16-QAM,TDMA
S127,3,ICMP,Low,0.13,0.01,High,Normal,53.2,1.31,-10.45,74.56,4.21,-84.44,10.07,0.17,-61.01,38.25,1.00e-08,0.078,0,16-QAM,TDMA
S128,3,HTTP,Medium,0.39,0.01,High,Normal,80.2,0.92,-7.72,78.13,3.08,-85.08,11.45,0.167,-61.57,36.82,1.00e-08,0.12,0,16-QAM,TDMA
S129,9,HTTP,High,1.566,0.22,Low,Abnormal,193.8,1.42,-8.74,85.79,8.19,-74.99,7.33,0.321,-86.84,12.36,2.00e-08,0.158,6,BPSK,CDMA
S130,2,ICMP,Low,0.08,0.01,High,Normal,63.8,0.68,3.36,76.14,1.18,-89.15,4.78,0.167,-62.04,40.17,1.00e-08,0.113,2,16-QAM,TDMA
S131,9,HTTP (bursty),High,1.544,0.18,Medium,Abnormal,217.0,0.2,-1.8,86.78,6.17,-74.04,4.0,0.218,-83.94,14.51,1.00e-08,0.142,4,BPSK,CDMA
S132,7,HTTP (bursty),Medium,1.592,0.06,Medium,Abnormal,197.6,1.4,-4.41,85.96,3.72,-76.4,11.06,0.183,-78.66,20.13,1.00e-08,0.105,5,QPSK,CDMA
S133,15,ICMP,Very High,2.943,0.45,Low,Abnormal,344.3,0.32,4.47,90.78,13.61,-55.35,7.42,0.424,-99.41,0,1.84e-01,0.288,7,BPSK,OFDMA
S134,2,Ping,Low,0.11,0.0,High,Normal,69.3,1.5,-0.02,76.86,2.43,-87.61,1.53,0.15,-61.25,37.54,1.00e-08,0.129,0,16-QAM,TDMA
S135,2,Ping,Low,0.07,0.0,High,Normal,50.3,0.74,6.12,74.08,1.89,-90.74,9.5,0.14,-55.35,45.06,1.00e-08,0.107,3,16-QAM,TDMA
S136,6,HTTP (bursty),Medium,1.197,0.08,Medium,Abnormal,162.3,0.22,-1.45,84.25,5.48,-76.44,4.24,0.187,-87.04,11.03,1.56e-06,0.123,5,BPSK,FDMA
S137,15,Mixed (Ping+HTTP),Very High,2.932,0.44,Very Low,Abnormal,435.9,0.45,-6.05,92.83,14.1,-54.87,10.81,0.437,-99.12,2.56,8.24e-02,0.303,5,BPSK,OFDMA
S138,13,Ping (intermittent),Very High,3.943,0.47,Low,Abnormal,302.6,0.88,6.62,89.66,12.79,-64.52,11.52,0.397,-95.73,3.93,4.22e-02,0.247,4,BPSK,OFDMA
S139,9,Ping (intermittent),High,1.851,0.24,Medium,Abnormal,152.9,0.63,2.37,83.73,9.13,-74.23,8.6,0.317,-85.04,13.05,1.00e-08,0.226,6,BPSK,CDMA
S140,9,HTTP (bursty),High,2.761,0.18,Low,Abnormal,269.3,0.47,2.77,88.65,7.28,-73.46,5.42,0.285,-92.13,5.75,1.17e-02,0.171,4,BPSK,CDMA
S141,2,HTTP (bursty),Low,0.17,0.01,High,Normal,116.6,1.2,13.63,81.38,1.23,-89.59,15.37,0.155,-74.03,24.06,1.00e-08,0.129,2,QPSK,TDMA
S142,14,Ping (intermittent),High,4.047,0.44,Low,Abnormal,228.9,0.86,-0.44,87.24,13.79,-61.22,3.72,0.441,-90.7,9.65,4.92e-05,0.232,7,BPSK,OFDMA
S143,1,HTTP,Low,0.17,0.01,High,Normal,92.5,2.37,15.96,79.37,1.55,-93.97,12.94,0.18,-66.77,33.26,1.00e-08,0.126,1,16-QAM,TDMA
S144,6,Mixed (light Ping + HTTP),Medium,1.313,0.09,Medium,Abnormal,176.6,0.08,1.14,84.99,4.16,-80.9,7.19,0.155,-88.91,10.02,2.17e-05,0.161,5,BPSK,FDMA
S145,5,Ping,Medium,0.36,0.02,Medium,Normal,157.3,1.0,-9.82,83.98,3.8,-81.77,11.89,0.166,-74.64,24.77,1.00e-08,0.131,1,QPSK,FDMA
S146,14,HTTP (bursty),High,3.05,0.43,Very Low,Abnormal,371.9,1.26,-16.81,91.45,14.6,-59.14,18.28,0.377,-92.65,4.31,3.37e-02,0.225,6,BPSK,OFDMA
S147,7,HTTP (Continuous),Medium,1.435,0.06,Medium,Abnormal,168.2,0.16,-3.22,84.56,6.44,-79.75,9.82,0.221,-83.1,17.16,1.00e-08,0.087,5,QPSK,CDMA
S148,9,Ping,High,2.755,0.18,Medium,Abnormal,177.8,1.08,10.0,85.04,6.06,-71.07,12.72,0.227,-85.73,12.9,1.00e-08,0.156,5,BPSK,CDMA
S149,5,Ping,Medium,0.51,0.01,Medium,Normal,110.4,2.17,16.2,80.91,2.93,-82.48,13.99,0.181,-66.22,35.0,1.00e-08,0.112,0,16-QAM,FDMA
S150,9,Mixed (light Ping + HTTP),High,2.117,0.27,Low,Abnormal,224.5,0.54,2.46,87.07,8.2,-74.45,3.84,0.331,-83.71,14.83,1.00e-08,0.213,5,BPSK,CDMA
S151,5,Ping,Low,0.38,0.01,Medium,Normal,144.1,1.05,-11.6,83.22,2.4,-80.57,14.03,0.197,-72.8,27.32,1.00e-08,0.12,1,16-QAM,FDMA
S152,13,ICMP,High,2.88,0.29,Low,Abnormal,295.7,0.89,-10.98,89.46,8.04,-62.89,11.22,0.366,-90.36,11.47,4.00e-07,0.182,5,BPSK,OFDMA
S153,6,Mixed (light Ping + HTTP),Medium,0.971,0.09,Medium,Abnormal,119.7,1.28,-0.16,81.61,2.81,-84.27,4.23,0.16,-73.52,24.81,1.00e-08,0.131,4,QPSK,FDMA
S154,14,Mixed (Ping+HTTP),Very High,3.09,0.25,Very Low,Abnormal,439.1,0.59,-2.0,92.9,8.22,-62.63,2.72,0.284,-92.09,9.79,3.64e-05,0.156,7,BPSK,OFDMA
S155,6,Ping (intermittent),Medium,1.045,0.12,Medium,Abnormal,103.8,0.61,-2.83,80.37,2.25,-81.27,9.93,0.21,-80.93,20.28,1.00e-08,0.153,3,QPSK,FDMA
S156,12,Ping,Very High,2.559,0.27,Low,Abnormal,291.1,0.52,1.91,89.33,7.56,-65.57,7.43,0.284,-88.33,11.68,2.00e-07,0.212,7,BPSK,OFDMA
S157,3,ICMP,Medium,0.37,0.0,High,Normal,82.6,2.56,13.23,78.39,2.66,-84.53,11.05,0.181,-65.99,31.78,1.00e-08,0.121,0,16-QAM,TDMA
S158,8,ICMP + HTTP (alternating),Medium,1.051,0.08,Medium,Abnormal,128.9,0.1,2.25,82.25,2.59,-74.01,8.68,0.172,-75.66,24.78,1.00e-08,0.142,3,QPSK,CDMA
S159,11,Mixed (light Ping + HTTP),High,2.096,0.24,Medium,Abnormal,116.8,1.49,12.24,81.39,7.34,-70.54,15.3,0.268,-82.71,19.1,1.00e-08,0.179,5,QPSK,OFDMA
S160,13,Mixed (Ping+HTTP),Very High,2.707,0.36,Low,Abnormal,190.4,1.42,-10.89,85.64,12.19,-63.98,11.61,0.366,-78.83,20.55,1.00e-08,0.257,6,QPSK,OFDMA
S161,9,Mixed (Ping+HTTP),High,2.348,0.21,Medium,Abnormal,183.6,0.61,4.37,85.32,8.39,-72.42,10.06,0.24,-81.31,20.14,1.00e-08,0.167,4,QPSK,CDMA
S162,1,ICMP,Low,0.07,0.01,High,Normal,71.1,1.14,5.73,77.08,3.21,-91.46,7.61,0.16,-61.39,38.18,1.00e-08,0.084,0,16-QAM,TDMA
S163,6,Ping,Medium,0.866,0.09,Medium,Abnormal,204.8,0.28,-2.26,86.27,2.99,-84.0,4.91,0.25,-80.3,23.24,1.00e-08,0.095,5,QPSK,FDMA
S164,2,HTTP (bursty),Low,0.17,0.01,High,Normal,113.2,2.24,-13.66,81.12,1.66,-89.11,12.81,0.134,-73.17,27.29,1.00e-08,0.079,2,16-QAM,TDMA
S165,1,HTTP,Low,0.09,0.01,High,Normal,81.0,1.74,16.61,78.22,2.12,-90.13,15.22,0.147,-69.46,29.56,1.00e-08,0.066,2,16-QAM,TDMA
S166,6,Ping (intermittent),Medium,1.522,0.13,Medium,Abnormal,166.4,0.88,-5.3,84.47,5.06,-78.73,6.32,0.235,-86.18,15.72,1.00e-08,0.129,5,QPSK,FDMA
S167,11,Ping (intermittent),High,1.758,0.25,Low,Abnormal,344.3,0.96,2.85,90.78,9.8,-65.95,6.41,0.342,-89.53,10.14,1.64e-05,0.153,3,BPSK,OFDMA
S168,3,Mixed (Ping+HTTP),Medium,0.47,0.0,High,Normal,115.6,2.17,-13.63,81.31,0.36,-85.49,12.16,0.171,-65.69,34.41,1.00e-08,0.08,3,16-QAM,TDMA
S169,10,HTTP,High,1.957,0.27,Low,Abnormal,292.1,0.02,-0.48,89.36,8.85,-70.43,3.34,0.312,-96.28,0.5,1.63e-01,0.172,3,BPSK,CDMA
S170,8,Ping,Medium,1.002,0.06,Medium,Abnormal,162.9,0.36,1.95,84.28,3.49,-73.13,7.93,0.144,-76.43,23.15,1.00e-08,0.13,5,QPSK,CDMA
S171,4,Mixed (Ping+HTTP),Medium,0.53,0.0,Medium,Normal,182.1,2.62,-6.55,85.25,0.69,-83.37,9.45,0.106,-74.53,26.39,1.00e-08,0.09,3,16-QAM,FDMA
S172,13,Ping (intermittent),Very High,4.053,0.45,Low,Abnormal,289.6,0.5,-3.88,89.28,15.34,-63.19,10.15,0.393,-87.56,11.1,1.27e-06,0.252,4,BPSK,OFDMA
S173,5,HTTP (bursty),Medium,0.25,0.01,Medium,Normal,182.1,1.2,-2.32,85.25,1.72,-82.29,4.07,0.12,-76.59,24.61,1.00e-08,0.128,2,QPSK,FDMA
S174,10,Ping (intermittent),High,1.773,0.27,Low,Abnormal,207.6,0.36,-7.52,86.39,7.12,-67.27,8.59,0.338,-81.95,21.5,1.00e-08,0.198,5,QPSK,CDMA
S175,10,HTTP (Continuous),High,2.028,0.17,Medium,Abnormal,106.4,0.66,-7.38,80.58,7.69,-68.07,11.58,0.205,-74.29,27.45,1.00e-08,0.146,6,16-QAM,CDMA
S176,7,Ping Storm,Medium,0.908,0.13,Medium,Abnormal,151.8,1.02,-4.11,83.67,6.44,-76.08,9.46,0.249,-81.28,19.15,1.00e-08,0.153,5,QPSK,CDMA
S177,2,Ping,Low,0.11,0.01,High,Normal,65.3,0.77,5.14,76.34,3.13,-90.13,5.91,0.151,-58.98,39.57,1.00e-08,0.056,2,16-QAM,TDMA
S178,12,HTTP,High,2.95,0.27,Low,Abnormal,274.2,0.9,-6.65,88.81,8.85,-65.24,8.55,0.34,-94.92,3.18,6.25e-02,0.177,5,BPSK,OFDMA
S179,5,ICMP,Medium,0.42,0.02,Medium,Normal,182.2,0.92,4.69,85.26,3.06,-81.7,6.38,0.19,-74.07,23.61,1.00e-08,0.116,3,QPSK,FDMA
S180,11,Mixed (light Ping + HTTP),High,2.311,0.21,Low,Abnormal,280.9,0.29,7.71,89.02,6.43,-62.91,8.72,0.288,-87.86,10.88,2.40e-06,0.199,4,BPSK,OFDMA
S181,11,ICMP,High,2.118,0.17,Low,Abnormal,231.1,0.9,-6.01,87.32,6.33,-68.91,10.35,0.265,-89.92,10.35,9.81e-06,0.14,6,BPSK,OFDMA
S182,2,HTTP (bursty),Low,0.17,0.0,High,Normal,69.2,2.83,15.71,76.85,2.63,-90.02,17.37,0.103,-62.47,33.98,1.00e-08,0.067,2,16-QAM,TDMA
S183,9,Ping Storm,High,1.758,0.26,Low,Abnormal,321.3,0.1,0.54,90.18,7.06,-71.41,3.15,0.271,-89.64,9.19,1.24e-04,0.202,6,BPSK,CDMA
S184,11,Ping Storm,High,2.075,0.15,Low,Abnormal,270.8,1.39,-7.91,88.7,5.51,-67.23,13.32,0.26,-91.88,6.26,7.30e-03,0.119,4,BPSK,OFDMA
S185,15,Ping,Very High,2.538,0.33,Low,Abnormal,291.8,0.53,6.38,89.35,11.04,-58.39,10.73,0.395,-92.92,8.24,6.35e-04,0.223,5,BPSK,OFDMA
S186,10,Ping (intermittent),High,1.694,0.27,Medium,Abnormal,153.5,0.59,-3.41,83.77,7.75,-71.24,5.8,0.264,-82.75,18.2,1.00e-08,0.167,4,QPSK,CDMA
S187,2,Ping,Low,0.03,0.0,High,Normal,67.9,1.36,-11.23,76.68,1.88,-87.38,12.03,0.107,-58.4,43.87,1.00e-08,0.052,2,16-QAM,TDMA
S188,9,Mixed (Ping+HTTP),High,1.819,0.15,Low,Abnormal,290.2,1.02,8.41,89.3,6.49,-72.65,8.11,0.206,-95.37,3.24,6.07e-02,0.142,4,BPSK,CDMA
S189,7,ICMP + HTTP (alternating),Medium,1.146,0.07,Medium,Abnormal,122.4,0.99,2.06,81.8,1.68,-79.51,2.47,0.163,-74.63,24.6,1.00e-08,0.124,3,QPSK,CDMA
S190,14,ICMP,Very High,3.78,0.31,Low,Abnormal,242.2,0.3,-2.88,87.73,9.2,-62.04,9.78,0.317,-86.81,14.15,1.00e-08,0.202,7,BPSK,OFDMA
S191,13,HTTP,High,2.502,0.28,Low,Abnormal,285.0,1.22,-7.1,89.14,10.32,-61.58,6.8,0.299,-86.8,12.58,1.00e-08,0.195,5,BPSK,OFDMA
S192,7,Ping Storm,Medium,1.161,0.07,Medium,Abnormal,169.0,0.63,-3.15,84.6,1.57,-78.54,9.72,0.159,-78.47,22.6,1.00e-08,0.145,2,QPSK,CDMA
S193,2,ICMP,Low,0.12,0.0,High,Normal,109.2,2.88,2.11,80.81,2.93,-92.7,5.34,0.149,-70.03,29.57,1.00e-08,0.063,0,16-QAM,TDMA
S194,2,ICMP,Low,0.16,0.0,High,Normal,103.7,1.05,5.21,80.36,2.13,-88.37,10.11,0.157,-67.1,31.16,1.00e-08,0.091,0,16-QAM,TDMA
S195,4,Mixed (Ping+HTTP),Medium,0.21,0.0,Medium,Normal,132.1,1.86,-19.74,82.46,1.56,-84.86,16.35,0.143,-74.51,25.3,1.00e-08,0.07,0,16-QAM,FDMA
S196,4,HTTP,Medium,0.53,0.01,Medium,Normal,154.0,1.37,-13.54,83.8,-0.72,-82.61,15.91,0.13,-72.12,26.03,1.00e-08,0.082,3,16-QAM,FDMA
S197,7,HTTP (bursty),Medium,0.71,0.14,Medium,Abnormal,119.9,0.21,1.62,81.62,5.84,-78.46,5.91,0.216,-77.18,22.53,1.00e-08,0.175,2,QPSK,CDMA
S198,12,HTTP (bursty),Very High,4.15,0.33,Low,Abnormal,203.1,1.13,4.77,86.2,11.0,-64.41,8.93,0.368,-82.58,18.04,1.00e-08,0.202,7,QPSK,OFDMA
S199,3,Ping,Low,0.35,0.01,High,Normal,79.2,1.94,7.49,78.02,2.81,-90.25,6.89,0.158,-68.1,31.28,1.00e-08,0.084,3,16-QAM,TDMA
S200,2,HTTP (bursty),Low,0.16,0.01,High,Normal,66.2,0.51,3.84,76.46,2.07,-93.22,6.9,0.172,-61.46,38.96,1.00e-08,0.097,1,16-QAM,TDMA
S201,1,Ping (intermittent),Low,0.497,0.07,Low,Drone,340.2,10.3,79.43,90.68,9.25,-90.27,62.59,0.586,-86.9,12.75,0.00e+00,0.607,8,BPSK,TDMA
S202,2,ICMP,Low,0.401,0.06,Medium,Drone,264.1,9.79,-20.28,88.48,7.53,-90.94,16.9,0.607,-78.11,22.4,0.00e+00,0.567,8,QPSK,TDMA
S203,0,Mixed (Ping+HTTP),Low,0.543,0.09,Low,Drone,406.5,14.06,-113.49,92.23,8.82,-90.12,86.21,0.727,-83.86,18.21,0.00e+00,0.54,6,QPSK,TDMA
S204,1,HTTP (bursty),Low,0.67,0.06,Medium,Drone,274.3,17.37,-57.52,88.81,6.91,-91.32,43.35,0.623,-75.83,21.79,0.00e+00,0.588,9,QPSK,TDMA
S205,2,Ping (intermittent),Low,0.51,0.08,Low,Drone,396.9,11.54,-51.68,92.02,7.63,-90.69,43.04,0.623,-90.92,9.77,3.80e-05,0.549,7,BPSK,TDMA
S206,0,Mixed (Ping+HTTP),Low,0.807,0.09,Low,Drone,289.8,11.19,1.2,89.29,7.86,-88.05,5.73,0.672,-83.67,16.33,0.00e+00,0.619,8,QPSK,TDMA
S207,1,Ping,Low,0.507,0.09,Low,Drone,399.5,11.99,24.67,92.08,8.48,-87.17,22.46,0.63,-90.33,8.85,2.32e-04,0.601,8,BPSK,TDMA
S208,2,Ping (intermittent),Low,0.691,0.05,Medium,Drone,292.5,16.09,-62.96,89.37,7.28,-84.8,46.71,0.629,-81.11,18.63,0.00e+00,0.57,8,QPSK,TDMA
S209,2,HTTP (bursty),Low,0.353,0.09,Low,Drone,277.1,12.31,65.64,88.9,7.44,-90.18,54.85,0.661,-79.42,20.36,0.00e+00,0.57,7,QPSK,TDMA
S210,0,Ping (intermittent),Low,0.66,0.08,Low,Drone,363.1,17.65,114.04,91.25,9.01,-89.48,87.09,0.684,-85.2,13.99,0.00e+00,0.618,8,BPSK,TDMA
S211,0,Mixed (Ping+HTTP),Low,0.344,0.07,Low,Drone,278.5,8.01,33.59,88.94,5.8,-91.53,27.16,0.685,-85.79,14.09,0.00e+00,0.581,8,BPSK,TDMA
S212,2,Ping (intermittent),Low,0.292,0.04,Medium,Drone,413.4,11.08,-25.54,92.37,6.75,-87.04,24.34,0.721,-90.75,8.59,3.63e-04,0.592,9,BPSK,TDMA
S213,0,Ping (intermittent),Low,0.431,0.05,Medium,Drone,316.1,16.78,-124.78,90.04,6.3,-94.93,92.22,0.587,-86.34,10.84,2.69e-06,0.59,7,BPSK,TDMA
S214,2,Ping,Low,0.789,0.09,Low,Drone,262.7,12.76,89.28,88.44,8.11,-85.78,64.62,0.609,-84.44,15.61,0.00e+00,0.609,8,QPSK,TDMA
S215,2,Mixed (Ping+HTTP),Low,0.462,0.05,Medium,Drone,336.9,9.36,-73.28,90.6,8.28,-89.56,60.0,0.56,-86.36,13.81,0.00e+00,0.539,9,BPSK,TDMA
S216,1,ICMP,Low,0.437,0.06,Medium,Drone,345.0,13.6,86.23,90.8,7.35,-92.78,68.88,0.565,-87.98,9.85,3.19e-05,0.607,7,BPSK,TDMA
S217,0,Mixed (Ping+HTTP),Low,0.299,0.07,Low,Drone,353.4,11.79,42.22,91.01,6.93,-90.84,37.74,0.711,-86.58,14.01,0.00e+00,0.559,6,BPSK,TDMA
S218,1,Mixed (Ping+HTTP),Low,0.646,0.07,Low,Drone,405.9,17.3,100.51,92.21,8.7,-93.37,80.28,0.652,-88.77,9.2,1.22e-04,0.617,7,BPSK,TDMA
S219,1,HTTP (bursty),Low,0.493,0.05,Medium,Drone,410.4,8.46,21.06,92.31,8.84,-87.33,19.11,0.572,-92.23,7.25,2.47e-03,0.555,8,BPSK,TDMA
S220,2,Mixed (Ping+HTTP),Low,0.466,0.09,Low,Drone,353.7,8.35,-55.19,91.02,5.8,-88.91,40.78,0.705,-86.98,14.49,0.00e+00,0.587,7,BPSK,TDMA
S221,3,Ping (intermittent),Medium,0.725,0.05,Medium,Drone,180.6,15.38,85.27,85.18,10.45,-78.92,63.87,0.793,-78.02,21.61,0.00e+00,0.708,9,QPSK,TDMA
S222,2,Mixed (Ping+HTTP),Low,0.519,0.12,Low,Drone,318.8,12.5,31.11,90.12,10.15,-84.6,26.88,0.715,-88.76,11.52,3.40e-07,0.685,9,BPSK,TDMA
S223,3,Mixed (Ping+HTTP),Medium,0.858,0.06,Medium,Drone,198.8,23.97,40.25,86.01,13.57,-82.61,38.74,0.688,-79.75,18.95,0.00e+00,0.674,12,QPSK,TDMA
S224,1,Mixed (Ping+HTTP),Low,0.592,0.07,Medium,Drone,258.6,21.87,51.58,88.3,11.07,-85.73,44.19,0.724,-78.03,23.18,0.00e+00,0.722,11,QPSK,TDMA
S225,2,Mixed (Ping+HTTP),Low,0.552,0.05,Medium,Drone,260.8,16.1,88.43,88.37,10.47,-85.9,65.93,0.702,-76.99,23.81,0.00e+00,0.646,11,QPSK,TDMA
S226,1,Ping (intermittent),Low,0.684,0.06,Medium,Drone,182.5,13.1,-92.33,85.27,13.94,-89.01,69.84,0.673,-75.54,24.62,0.00e+00,0.645,10,QPSK,TDMA
S227,2,Ping,Low,1.008,0.05,Medium,Drone,316.2,12.01,84.34,90.05,11.9,-86.44,69.92,0.765,-82.25,18.72,0.00e+00,0.691,8,QPSK,TDMA
S228,3,Ping,Medium,0.595,0.12,Low,Drone,194.3,15.08,60.92,85.82,12.49,-84.45,47.83,0.716,-77.66,22.43,0.00e+00,0.722,8,QPSK,TDMA
S229,1,Mixed (Ping+HTTP),Low,0.99,0.07,Medium,Drone,310.1,22.7,-174.28,89.88,9.49,-90.39,130.44,0.73,-75.17,25.32,0.00e+00,0.657,9,16-QAM,TDMA
S230,3,Mixed (Ping+HTTP),Medium,1.14,0.08,Low,Drone,191.9,18.86,-152.24,85.71,12.92,-82.18,115.28,0.779,-74.75,28.16,0.00e+00,0.698,12,16-QAM,TDMA
S231,1,Mixed (Ping+HTTP),Low,0.497,0.07,Medium,Drone,296.2,14.85,-39.87,89.48,14.21,-86.58,32.12,0.766,-84.87,14.92,0.00e+00,0.67,10,BPSK,TDMA
S232,2,Mixed (Ping+HTTP),Low,0.709,0.06,Medium,Drone,215.0,15.77,-8.01,86.69,11.88,-85.1,11.07,0.669,-78.73,18.45,0.00e+00,0.649,11,QPSK,TDMA
S233,2,Ping (intermittent),Low,0.878,0.07,Medium,Drone,250.0,25.96,-157.14,88.0,12.53,-86.47,114.34,0.699,-83.46,17.76,0.00e+00,0.689,12,QPSK,TDMA
S234,1,Mixed (Ping+HTTP),Low,0.581,0.08,Low,Drone,281.5,14.02,115.58,89.04,10.8,-90.12,84.65,0.713,-84.05,16.27,0.00e+00,0.632,8,QPSK,TDMA
S235,2,Ping,Low,0.553,0.06,Medium,Drone,206.6,15.61,72.8,86.35,9.0,-86.32,62.65,0.683,-79.85,18.68,0.00e+00,0.668,10,QPSK,TDMA
S236,3,Mixed (Ping+HTTP),Medium,0.893,0.07,Medium,Drone,277.4,13.83,-63.22,88.91,8.88,-83.48,49.34,0.681,-81.44,16.82,0.00e+00,0.67,11,QPSK,TDMA
S237,3,Ping,Medium,0.678,0.06,Medium,Drone,263.1,19.25,-124.5,88.45,11.26,-81.27,90.76,0.698,-79.12,20.3,0.00e+00,0.66,12,QPSK,TDMA
S238,3,Ping,Medium,1.164,0.1,Low,Drone,273.5,22.17,103.28,88.79,10.45,-81.39,76.71,0.676,-79.84,20.98,0.00e+00,0.727,12,QPSK,TDMA
S239,2,Ping,Low,0.874,0.11,Low,Drone,198.8,17.28,132.76,86.01,13.49,-85.07,95.97,0.709,-76.13,22.19,0.00e+00,0.704,10,QPSK,TDMA
S240,2,Ping (intermittent),Low,1.116,0.06,Medium,Drone,220.2,24.42,-174.56,86.9,10.21,-88.34,132.91,0.654,-81.38,18.56,0.00e+00,0.649,12,QPSK,TDMA
S241,0,ICMP,Low,0.433,0.06,Medium,Drone,288.6,17.62,135.77,89.25,9.42,-93.73,103.2,0.624,-83.0,16.58,0.00e+00,0.589,7,QPSK,TDMA
S242,0,ICMP,Low,0.715,0.05,Medium,Drone,339.6,15.93,-127.44,90.67,9.08,-93.13,91.31,0.619,-85.68,14.06,0.00e+00,0.56,10,BPSK,TDMA
S243,0,ICMP,Low,0.763,0.04,Medium,Drone,233.2,17.38,-43.52,87.4,11.28,-90.2,38.12,0.662,-75.69,24.47,0.00e+00,0.619,7,QPSK,TDMA
S244,0,Mixed (Ping+HTTP),Low,0.387,0.04,Medium,Drone,266.9,9.24,23.75,88.57,9.66,-96.39,20.61,0.643,-78.41,20.13,0.00e+00,0.539,9,QPSK,TDMA
S245,0,Ping,Low,0.885,0.08,Low,Drone,245.7,8.42,16.96,87.85,8.66,-91.93,16.76,0.758,-83.22,18.01,0.00e+00,0.552,8,QPSK,TDMA
S246,0,Ping,Low,0.807,0.06,Medium,Drone,328.2,20.37,-151.62,90.37,11.33,-92.73,109.69,0.626,-87.49,13.45,0.00e+00,0.632,9,BPSK,TDMA
S247,0,Ping,Low,0.354,0.08,Low,Drone,313.7,12.9,-72.27,89.98,9.65,-93.52,56.91,0.671,-82.96,15.16,0.00e+00,0.632,10,QPSK,TDMA
S248,0,Ping,Low,0.675,0.1,Low,Drone,276.2,11.75,46.46,88.87,7.83,-87.96,39.45,0.596,-77.49,22.1,0.00e+00,0.639,10,QPSK,TDMA
S249,0,Mixed (Ping+HTTP),Low,0.982,0.09,Low,Drone,210.2,21.31,128.77,86.5,9.76,-94.33,97.24,0.627,-80.48,19.43,0.00e+00,0.574,10,QPSK,TDMA
S250,0,Mixed (Ping+HTTP),Low,0.917,0.07,Medium,Drone,312.1,9.71,-76.79,89.93,10.71,-90.97,60.59,0.604,-87.58,12.59,1.00e-08,0.566,10,BPSK,TDMA
S251,0,Ping,Low,0.737,0.08,Low,Drone,362.4,15.45,-102.72,91.23,9.89,-93.98,77.33,0.649,-86.19,14.81,0.00e+00,0.558,8,BPSK,TDMA
S252,0,Ping,Low,0.921,0.05,Medium,Drone,297.4,20.46,34.2,89.51,9.59,-97.02,26.73,0.686,-80.81,22.65,0.00e+00,0.617,9,QPSK,TDMA
S253,0,Ping,Low,0.575,0.11,Low,Drone,308.6,21.29,-124.64,89.83,9.76,-92.35,89.29,0.663,-80.69,16.52,0.00e+00,0.599,9,QPSK,TDMA
S254,0,Ping,Low,0.54,0.09,Low,Drone,207.4,6.78,-12.94,86.38,11.63,-95.99,16.65,0.652,-76.63,20.9,0.00e+00,0.64,9,QPSK,TDMA
S255,0,Mixed (Ping+HTTP),Low,0.81,0.07,Medium,Drone,284.5,16.12,-104.68,89.13,9.72,-93.09,77.6,0.757,-78.85,22.7,0.00e+00,0.641,9,QPSK,TDMA
S256,0,Mixed (Ping+HTTP),Low,0.943,0.09,Low,Drone,306.1,7.97,27.9,89.76,7.76,-97.5,27.95,0.741,-81.89,17.64,0.00e+00,0.573,8,QPSK,TDMA
S257,0,Ping,Low,0.551,0.1,Low,Drone,322.6,14.15,103.66,90.22,9.8,-91.48,76.81,0.62,-82.93,17.15,0.00e+00,0.615,10,QPSK,TDMA
S258,0,ICMP,Low,0.897,0.04,Medium,Drone,248.3,10.8,77.08,87.95,9.41,-94.25,62.1,0.684,-80.41,19.36,0.00e+00,0.542,7,QPSK,TDMA
S259,0,ICMP,Low,0.992,0.07,Medium,Drone,256.7,6.02,28.39,88.23,10.42,-92.9,24.89,0.6,-79.11,18.67,0.00e+00,0.566,8,QPSK,TDMA
S260,0,ICMP,Low,0.668,0.07,Medium,Drone,357.4,21.94,-156.46,91.11,9.88,-88.42,117.23,0.662,-91.59,9.91,2.79e-05,0.568,8,BPSK,TDMA
